"Aryan","aryan@gmail.com","aryan","2023-11-02","Female","Malaysian"
"Saurab","saurab@gmail.com","saurab","2023-11-06","Female","Thailand"
"abc","abc@gmail.com","900150983cd24fb0d6963f7d28e17f72","2023-11-15","Female","Malaysian"
"Arasdasd","asdasdasd","bff149a0b87f5b0e00d9dd364e9ddaa0","2023-11-08","Female","Singapore"
"oppa","oppa@gmail.com","7e431577bfd1fcd2328fd0ee7d6a94c6","2023-11-12","Male","Thailand"
"hello","hello.com","5d41402abc4b2a76b9719d911017c592","2023-07-04","Other","Singapore"
"ff","ff@gmail.com","ff","2023-11-08","Female","Singapore"
"subit","subit.com","subit","2023-11-22","Male","Thailand"
"hello brother","hi@gmail.com","123","2023-11-07","Male","Thailand"
"apple","apple@gmail.com","apple","2023-11-08","Male","Singapore"
"aayush","aayush.com","123","2023-11-01","Other","Singapore"
"ronaldo","messi.com","123","2023-11-23","Male","Malaysian"
"123","123","123","2023-11-01","Male","Thailand"
"yes","yes","yes","2032-11-20","Male","Thailand"
"asdfasdfasdfas","asdfasdfasdfas","asfdasdfasdfasdf","2023-10-31","Other","Malaysian"
"zzz","zzz@gmail.com","zzz","2023-11-02","Male","Malaysian"
"sachin","sachin","sachin","2023-11-09","Female","Singapore"
"111","111","111","2023-11-22","Female","Malaysian"
"Pops","pops@gmail.com","pops","2023-11-01","Male","Malaysian"
"no","no","no","2023-11-16","Other","Thailand"
"banana","banana","banana","2023-12-07","Female","Malaysian"
"yeet","yeet","yeet","2023-11-04","Male","Thailand"
"pop","pop.com","pop","2023-06-06","Male","Malaysian"
